<?xml version="1.0" encoding="UTF-8"?>
<project-private xmlns="http://www.netbeans.org/ns/project-private/1">
    <editor-bookmarks xmlns="http://www.netbeans.org/ns/editor-bookmarks/2" lastBookmarkId="0"/>
    <open-files xmlns="http://www.netbeans.org/ns/projectui-open-files/2">
        <group>
            <file>file:/C:/Users/Dong%20Dao%20Hieu/Documents/NetBeansProjects/Project_Web_NgoTungSon/src/java/Server/Create.java</file>
            <file>file:/C:/Users/Dong%20Dao%20Hieu/Documents/NetBeansProjects/Project_Web_NgoTungSon/web/Header.jsp</file>
            <file>file:/C:/Users/Dong%20Dao%20Hieu/Documents/NetBeansProjects/Project_Web_NgoTungSon/web/ShopingCard.jsp</file>
            <file>file:/C:/Users/Dong%20Dao%20Hieu/Documents/NetBeansProjects/Project_Web_NgoTungSon/src/java/Server/Them_vao_gio_Hang.java</file>
        </group>
    </open-files>
</project-private>
